P,I,D,overshoot,settle_time
0.6,0.4,0.3,5.299999999999997,233.81183576583862
0.6,0.4,0.4,4.200000000000003,223.02528429031372
0.6,0.4,0.5,3.700000000000003,217.22314929962158
0.6,0.5,0.3,4.899999999999999,228.69055604934692
0.6,0.5,0.4,0.0,33.273797035217285
0.6,0.5,0.5,3.1000000000000014,211.17981433868408
0.7,0.4,0.3,5.100000000000001,229.91036224365234
0.7,0.4,0.4,5.0,232.7308111190796
0.7,0.4,0.5,4.399999999999999,230.34584140777588
0.7,0.5,0.3,4.0,212.6439597606659
0.7,0.5,0.4,5.0,235.71038508415222
0.7,0.5,0.5,3.0,133.5445215702057
0.8,0.4,0.3,2.700000000000003,186.51868629455566
0.8,0.4,0.4,5.700000000000003,243.03710913658142
0.8,0.4,0.5,5.299999999999997,253.2250325679779
0.8,0.5,0.3,0.0,106.44510293006897
0.8,0.5,0.4,5.299999999999997,236.7805314064026
0.8,0.5,0.5,5.299999999999997,245.63751864433289
