P,I,D,overshoot,settle_time
0.9,0,0,10.200000000000003,599.1134469509125
0.9,0.1,0,12.200000000000003,473.0945508480072
0.9,0.2,0,12.899999999999999,599.3853747844696
0.9,0.3,0,11.799999999999997,599.5085566043854
0.9,0.4,0,9.299999999999997,599.2059290409088
0.9,0.5,0,8.100000000000001,599.1493170261383
