P,I,D,overshoot,settle_time
0.8,0.2,0.0,11.399999999999999,599.1980428695679
0.8,0.2,0.2,5.299999999999997,196.67506003379822
0.8,0.3,0.0,10.600000000000001,599.4004452228546
0.8,0.3,0.2,4.100000000000001,188.26996517181396
0.8,0.4,0.0,9.899999999999999,598.8979110717773
0.8,0.4,0.2,2.200000000000003,161.05887985229492
1.0,0.2,0.0,13.399999999999999,502.7739703655243
1.0,0.2,0.2,-15.899999999999999,599.0228836536407
1.0,0.3,0.0,10.899999999999999,599.7024824619293
1.0,0.3,0.2,5.299999999999997,194.26102900505066
1.0,0.4,0.0,9.899999999999999,599.6067345142365
1.0,0.4,0.2,3.5,166.1890435218811
1.2,0.2,0.0,-10.0,599.4736936092377
1.2,0.2,0.2,8.299999999999997,437.23305106163025
1.2,0.3,0.0,13.299999999999997,599.0118787288666
1.2,0.3,0.2,7.600000000000001,218.309796333313
1.2,0.4,0.0,11.399999999999999,599.2222828865051
1.2,0.4,0.2,5.5,565.7172951698303
