section,R_start_ohm,R_end_ohm,R_end_over_start,log10_R_end_over_start
A,998231.0028211704,7266.469301286592,0.0072793464446108316,-2.1379076108298793
B,44265.230949791796,15671.529955966273,0.3540370087245639,-0.45095133728278797
D,4617.181228283459,4609.941338496469,0.998431967594722,-0.0006815222853211642
E,13318.661361952742,13345.342658910504,1.0020033017007237,0.0008691525771777744
G,5294.921111669687,5299.598445009491,1.0008833622335742,0.00038346999703151984
H,6765.93786877553,6706.216578940972,0.9911732429423911,-0.003850430400474603
I,12379.33592664071,12527.437698442447,1.0119636281525424,0.005164903436078245
K,7099.860882914589,6488.001522517692,0.913820936707464,-0.039138895971320704
L,13119.143107078446,13096.657094647417,0.9982860151575832,-0.000745012812005579
